LSOA11CD,LSOA11NM,MSOA11CD,MSOA11NM,MSOA11HCLNM,LAD17CD,LAD20CD,LAD20NM,UTLACD,UTLANM,CAUTHCD,CAUTHNM,RGNCD,RGNNM,CTRYCD,CTRYNM,EWCD,EWNM,GBCD,GBNM,UKCD,UKNM,TTWA11CD,TTWA11NM
E01011966,Hartlepool 006B,E02002488,Hartlepool 006,Wooler Road,E06000001,E06000001,Hartlepool,E06000001,Hartlepool,E47000006,Tees Valley,E12000001,North East,E92000001,England,K04000001,England and Wales,K03000001,Great Britain,K02000001,United Kingdom,E30000215,Hartlepool
E01011974,Hartlepool 005B,E02002487,Hartlepool 005,Harbour & Victoria,E06000001,E06000001,Hartlepool,E06000001,Hartlepool,E47000006,Tees Valley,E12000001,North East,E92000001,England,K04000001,England and Wales,K03000001,Great Britain,K02000001,United Kingdom,E30000215,Hartlepool
E01011965,Hartlepool 006A,E02002488,Hartlepool 006,Wooler Road,E06000001,E06000001,Hartlepool,E06000001,Hartlepool,E47000006,Tees Valley,E12000001,North East,E92000001,England,K04000001,England and Wales,K03000001,Great Britain,K02000001,United Kingdom,E30000215,Hartlepool
E01011983,Hartlepool 006C,E02002488,Hartlepool 006,Wooler Road,E06000001,E06000001,Hartlepool,E06000001,Hartlepool,E47000006,Tees Valley,E12000001,North East,E92000001,England,K04000001,England and Wales,K03000001,Great Britain,K02000001,United Kingdom,E30000215,Hartlepool
E01011950,Hartlepool 008A,E02002490,Hartlepool 008,Foggy Furze,E06000001,E06000001,Hartlepool,E06000001,Hartlepool,E47000006,Tees Valley,E12000001,North East,E92000001,England,K04000001,England and Wales,K03000001,Great Britain,K02000001,United Kingdom,E30000215,Hartlepool
E01011954,Hartlepool 001A,E02002483,Hartlepool 001,Clavering,E06000001,E06000001,Hartlepool,E06000001,Hartlepool,E47000006,Tees Valley,E12000001,North East,E92000001,England,K04000001,England and Wales,K03000001,Great Britain,K02000001,United Kingdom,E30000215,Hartlepool
E01011957,Hartlepool 003C,E02002485,Hartlepool 003,Jesmond,E06000001,E06000001,Hartlepool,E06000001,Hartlepool,E47000006,Tees Valley,E12000001,North East,E92000001,England,K04000001,England and Wales,K03000001,Great Britain,K02000001,United Kingdom,E30000215,Hartlepool
E01011964,Hartlepool 007B,E02002489,Hartlepool 007,Old Town & Grange,E06000001,E06000001,Hartlepool,E06000001,Hartlepool,E47000006,Tees Valley,E12000001,North East,E92000001,England,K04000001,England and Wales,K03000001,Great Britain,K02000001,United Kingdom,E30000215,Hartlepool
E01011968,Hartlepool 014D,E02006909,Hartlepool 014,"The Fens, Elwick & Hart",E06000001,E06000001,Hartlepool,E06000001,Hartlepool,E47000006,Tees Valley,E12000001,North East,E92000001,England,K04000001,England and Wales,K03000001,Great Britain,K02000001,United Kingdom,E30000215,Hartlepool
E01011989,Hartlepool 010C,E02002492,Hartlepool 010,Rossmere & Mill,E06000001,E06000001,Hartlepool,E06000001,Hartlepool,E47000006,Tees Valley,E12000001,North East,E92000001,England,K04000001,England and Wales,K03000001,Great Britain,K02000001,United Kingdom,E30000215,Hartlepool
E01011994,Hartlepool 002F,E02002484,Hartlepool 002,Headland & West View,E06000001,E06000001,Hartlepool,E06000001,Hartlepool,E47000006,Tees Valley,E12000001,North East,E92000001,England,K04000001,England and Wales,K03000001,Great Britain,K02000001,United Kingdom,E30000215,Hartlepool
E01011991,Hartlepool 002C,E02002484,Hartlepool 002,Headland & West View,E06000001,E06000001,Hartlepool,E06000001,Hartlepool,E47000006,Tees Valley,E12000001,North East,E92000001,England,K04000001,England and Wales,K03000001,Great Britain,K02000001,United Kingdom,E30000215,Hartlepool
E01011996,Hartlepool 011B,E02002493,Hartlepool 011,Seaton Carew,E06000001,E06000001,Hartlepool,E06000001,Hartlepool,E47000006,Tees Valley,E12000001,North East,E92000001,England,K04000001,England and Wales,K03000001,Great Britain,K02000001,United Kingdom,E30000215,Hartlepool
E01012002,Hartlepool 006D,E02002488,Hartlepool 006,Wooler Road,E06000001,E06000001,Hartlepool,E06000001,Hartlepool,E47000006,Tees Valley,E12000001,North East,E92000001,England,K04000001,England and Wales,K03000001,Great Britain,K02000001,United Kingdom,E30000215,Hartlepool
E01011998,Hartlepool 011D,E02002493,Hartlepool 011,Seaton Carew,E06000001,E06000001,Hartlepool,E06000001,Hartlepool,E47000006,Tees Valley,E12000001,North East,E92000001,England,K04000001,England and Wales,K03000001,Great Britain,K02000001,United Kingdom,E30000215,Hartlepool
E01011955,Hartlepool 003A,E02002485,Hartlepool 003,Jesmond,E06000001,E06000001,Hartlepool,E06000001,Hartlepool,E47000006,Tees Valley,E12000001,North East,E92000001,England,K04000001,England and Wales,K03000001,Great Britain,K02000001,United Kingdom,E30000215,Hartlepool
E01011980,Hartlepool 009B,E02002491,Hartlepool 009,Rift House & Summerhill,E06000001,E06000001,Hartlepool,E06000001,Hartlepool,E47000006,Tees Valley,E12000001,North East,E92000001,England,K04000001,England and Wales,K03000001,Great Britain,K02000001,United Kingdom,E30000215,Hartlepool
E01011981,Hartlepool 009C,E02002491,Hartlepool 009,Rift House & Summerhill,E06000001,E06000001,Hartlepool,E06000001,Hartlepool,E47000006,Tees Valley,E12000001,North East,E92000001,England,K04000001,England and Wales,K03000001,Great Britain,K02000001,United Kingdom,E30000215,Hartlepool
E01032541,Hartlepool 003H,E02002485,Hartlepool 003,Jesmond,E06000001,E06000001,Hartlepool,E06000001,Hartlepool,E47000006,Tees Valley,E12000001,North East,E92000001,England,K04000001,England and Wales,K03000001,Great Britain,K02000001,United Kingdom,E30000215,Hartlepool
E01011982,Hartlepool 014E,E02006909,Hartlepool 014,"The Fens, Elwick & Hart",E06000001,E06000001,Hartlepool,E06000001,Hartlepool,E47000006,Tees Valley,E12000001,North East,E92000001,England,K04000001,England and Wales,K03000001,Great Britain,K02000001,United Kingdom,E30000215,Hartlepool
